0d0ff21fe07ab0278dbcc54c0dfa919f.jpg,下尾美羽
1d5ffe1571b7920d60c1f3c5e5f9b57c.jpg,
1e0ef83db4b22264a65615ff995b1b0d.jpg,兒玉遥
2a4ec0696d127567d558e0ee3f476740.jpg,兒玉遥x森保圆
2a9066df82f892853d38386fc278ed81.jpg,武藤十梦x永尾玛利亚
2b64777cd3d6a0caf6712d28679f3e9c.jpg,前田敦子x大岛优子
2d109f83f4623256de5b62473d161ed4.jpg,北原里英
2eaf975e4f494ae8f435ef104d642ff9.jpg,峯岸南x渡边麻友x高城亚树
2f7b07f6dbcc78cc984a76fed0b22bce.jpg,兒玉遥
3e36fbe5b0e1d2eb8ad1f246d8827593.jpg,兒玉遥
3e640035acabf78ead5baecdbe172677.jpg,
4a44c148f19d58454fb73a2273c36e78.jpg,高桥南
4cdb6d7596c7e7a4ce29e8df539fe1da.jpg,神志那结衣
4d652af1810d68e77237d218fc79fbcb.jpg,小嶋阳菜
5b4bc8616ad8ddf7518d02cea434b49c.jpg,兒玉遥
5dd5793ca2f0654f3257eb239d38f55a.jpg,宮脇咲良
7eacd63276810617d8c2dd70ffd20ae2.jpg,松井珠理奈x小嶋阳菜
8aa6887cb09bfc4cbd0d3ba1cf02edb5.jpg,高桥南
8c48dede7d54d160e42fef48fcce37c9.jpg,大岛凉花
8ea65d2d81c8469b028ece0d68d81376.jpg,横山由依
9a61203e13c188f441e2ffaddd05406e.jpg,前田敦子
9e1f3e0a288c8344dff71dbfe1318562.jpg,松井珠理奈x渡边麻友
9ebf148f005e0b411fba7adae3b5322e.jpg,栗原纱英x山本茉央
21b9264fbe937f8988ade33fb1e80f21.jpg,柏木由纪
21bdcc0c6ca69259659f8d559c9c7b0e.jpg,大岛优子
29ce20d5e40c208d465c82e0f1ebd69a.jpg,小嶋阳菜x
35c861ff4c5d70b26ef5088df646151b.jpg,兒玉遥
35e8ecf4d9d343d6ecb6fe634f9991a1.jpg,武藤十梦
39e3a5a55d46032034a6c705e350edb1.jpg,荒巻美咲
40aa52aea0a225f90ee6f689ce26b077.jpg,
40bc26b1c6888ac07ad8515934934487.jpg,
50df8e443524361bab34334f4017857c.jpg,兒玉遥
67f127965c92f1db6af46d490f32189f.jpg,北原里英
68a98ddf4c0a9e523f209adb8ea930de.jpg,森保圆x植木南央
73a1326a9929f0b5a424ead344fa0bb1.jpg,小嶋阳菜
76b9932690bef28a31db701603edeaa7.jpg,松井珠理奈
77fb2291c8e3ae3520eed09bd0f6dc3f.jpg,兒玉遥
085ae8b47511341ccac79835a068b07b.jpg,兒玉遥x宮脇咲良
86f6d6243468dcf114d8bd2e86dea0e0.jpg,
100dd5606b6e051986bd6ded8cd66317.jpg,兒玉遥
194eb45bd56e90aec5487420be5e54ba.jpg,松井珠理奈
253e8bf17e2a6567e4bb51d2d05d0526.jpg,冈本尚子x渕上舞
448c1dd50fc0d1cb188c647c5a71bd1f.jpg,板野友美x岛崎遥香
487e0d83ff1b5b237cf48703d4e2b778.jpg,穴井千寻
556e1b96d3b4bb9d6631ffd9582cad63.jpg,渡边美优纪
906fc6fcd0d7c4fcee68fbecacf5a5b7.jpg,小林茉里奈
977d2c6c083fa23665301a74d6ceb05a.jpg,永尾玛利亚
989da69577fc37289963348debeb9ad5.jpg,兒玉遥
3749cc24b287954628480e3446beb0c2.jpg,木崎尤利娅
4989c4eb0340dd4d499281098b4f993a.jpg,
6777b8864da52a841468fbe54da226bf.jpg,兒玉遥
6785c676b8b27e3ff656325a66aacfde.jpg,渡边麻友x大岛优子
7047a65eaa6c55abc99ace2fe92d7022.jpg,前田敦子x大岛优子
7191c58921ac80b87b31e1c557d6d556.jpg,兒玉遥
8373f21c30cfc88568892298c7300f95.jpg,兒玉遥
9832faffb45bbe23714e924e7a700eef.jpg,松井珠理奈x渡边麻友
14584daa50c7a7c1f21747ec026d801e.jpg,多田爱佳
43778ec72105c98f4ee90edfb3bc1cd6.jpg,加藤玲奈
57665f15211338e86139b904efed88f9.jpg,宮脇咲良
67966d1bec3a1b33a6f4e9c600f040ef.jpg,近野莉菜
71525b69101534989b6b40ccb9a629aa.jpg,前田敦子
292690b0680e1443d770ba1c0c3fb9f8.jpg,大岛优子
297595b990fe04a9b5357ee2c68a223e.jpg,朝长美樱x田岛芽瑠
641995c5e9585354561a73b253aae6f5.jpg,松井珠理奈x小嶋阳菜
47728386a966e29e9073e608d70bbb1c.jpg,兒玉遥
836285029ec06e8ccea26cc13298fc3d.jpg,松井珠理奈
2870988583cc4bdb059fa343d7f260fb.jpg,松井珠理奈
78597612289a4225247389373b438de4.jpg,兒玉遥
a0b65e2922e4159c09c3690e71666c98.jpg,渕上舞x田岛芽瑠
a5dbc5543882ab6dfe124cadb120af88.jpg,松井珠理奈x松井玲奈
a842d83ed7f3c70205c80ce69980c379.jpg,北原里英
a7164423d8b2ef34ed66a2fa8328bf5a.jpg,铃木紫帆里
ad7ebea9c2870efadd6b63454a401e0d.jpg,
ad688ea731724398887f8e4b77da11c8.jpg,兒玉遥
aeb0ab08f9319055e3a59e020df8b847.jpg,仓持明日香
af14ad6c55152091a02ab84415e75fd0.jpg,入山杏奈
b5a5a6c26361d4b2119efab33460ae23.jpg,
b63dd6e4634799d041f0a55b58796941.jpg,前田敦子
b203d50690667e1b4db1e3d2fc606d48.jpg,渕上舞
b669e92f27755163704b9afd99c101c3.jpg,兒玉遥
ba75cb9a0005783efe22dcce9758fd51.jpg,高城亚树
bb1f6371738b3dd2db44ce199a37a578.jpg,兒玉遥
bb5c9e5547337ff7ce40ceecb785f487.jpg,渡边麻友
bb494da49baa72e32cdae18c5c39fc24.jpg,石田晴香
bcc39ea329fc5519892fe79757c0624a.jpg,
bfd571328b9a306d29824791db99bb37.jpg,兒玉遥
c14ccd53733f2547efcb1ba292f0081c.jpg,渡边美优纪
c24afddf50c6b39df0ebfe71ff7d4a26.jpg,兒玉遥
c89fa5910e7ab7d7d7d20aea4e5311c1.jpg,高桥南x指原莉乃
d8c249bf888e14699f78b5ed09c05e01.jpg,
d46e5351e146bfb5617ac6214120e09d.jpg,大岛优子
d4467206fe9255dfe4748ed60cebc7ec.jpg,多田爱佳x渡边麻友
daa90c6ad9622eb4c4d7974bdf4bd95c.jpg,森保圆
dad9f5cf9e961326be58513473352f17.jpg,松井玲奈x山本彩x川荣李奈
db07b5444eb910832bd513f27b2f2272.jpg,峯岸南
dd0f0bff09dcc7604be28a0c445d777b.jpg,兒玉遥
dd3c369b26b4a7c25a53fc83d1330d88.jpg,峯岸南x松井玲奈x横山由依
dede89bd129e5ac6e74378f3f04ed309.jpg,多田爱佳
df5fb056db7196499f2739c5e0b19eb7.jpg,篠田麻里子
e3d75f6cf9344a685ccb3fec86a61e78.jpg,兒玉遥
e4b88a3bba68dc2fafef39e60d1717e4.jpg,冈田奈奈
e958b7f290aba384d334468ca746162f.jpg,横山由依
ea25054480410d320e0914346823f3ac.jpg,高桥南
efc707748b3a3d5268ed4a59ffb7bc68.jpg,前田敦子
efe91daac71eefb40e197fca20208f25.jpg,兒玉遥
fa0c8c364d19f4d52e4e50ed8a7c824e.jpg,阿部玛利亚
fbfde45eae424c44673719aee91f849f.jpg,篠田麻里子
